{"cameraMode":{"drawMode":0,"name":"Shaded","section":"Shading Mode"},"sceneLighting":true,"audioPlay":false,"sceneViewState":{"showFog":true,"showMaterialUpdate":true,"showSkybox":true,"showFlares":true,"showImageEffects":true,"showParticleSystems":true},"in2DMode":false,"pivot":{"x":0.2518283724784851,"y":0.5614615678787231,"z":-3.4651310443878176},"rotation":{"x":0.0007826333167031407,"y":0.9991759657859802,"z":-0.02879657782614231,"w":0.02965770661830902},"size":2.4073948860168459,"orthographic":false}